Time,EventID,Account_Name,IpAddress,Workstation_Name,FailureReason
2025-05-14 18:08:37,4625,larion.morris,192.168.1.101,X15,Unknown user name or bad password.
2025-05-14 18:05:37,4625,larion.morris,192.168.1.102,X15,Unknown user name or bad password.
2025-05-14 18:02:37,4625,larion.morris,192.168.1.102,X15,Unknown user name or bad password.
2025-05-14 17:59:37,4625,larion.morris,192.168.1.102,X15,Unknown user name or bad password.
2025-05-14 17:56:37,4625,larion.morris,192.168.1.102,X15,Unknown user name or bad password.
2025-05-14 17:53:37,4625,larion.morris,192.168.1.102,X15,Unknown user name or bad password.
2025-05-14 17:50:37,4625,larion.morris,192.168.1.100,X15,Unknown user name or bad password.
2025-05-14 17:47:37,4625,larion.morris,192.168.1.100,X15,Unknown user name or bad password.
2025-05-14 17:44:37,4625,larion.morris,192.168.1.101,X15,Unknown user name or bad password.
2025-05-14 17:41:37,4625,larion.morris,192.168.1.101,X15,Unknown user name or bad password.
2025-05-14 17:38:37,4625,larion.morris,192.168.1.102,X15,Unknown user name or bad password.
2025-05-14 17:35:37,4625,larion.morris,192.168.1.101,X15,Unknown user name or bad password.
2025-05-14 17:32:37,4625,larion.morris,192.168.1.101,X15,Unknown user name or bad password.
2025-05-14 17:29:37,4625,larion.morris,192.168.1.101,X15,Unknown user name or bad password.
2025-05-14 17:26:37,4625,larion.morris,192.168.1.101,X15,Unknown user name or bad password.
2025-05-14 17:23:37,4625,guest,192.168.1.100,X15,Unknown user name or bad password.
2025-05-14 17:20:37,4625,admin,192.168.1.101,X15,Unknown user name or bad password.
2025-05-14 17:17:37,4625,john.doe,192.168.1.100,X15,Unknown user name or bad password.
2025-05-14 17:14:37,4625,larion.morris,192.168.1.100,X15,Unknown user name or bad password.
2025-05-14 17:11:37,4625,user.test,192.168.1.101,X15,Unknown user name or bad password.
